<?xml version="1.0"?>
<ruleset
    name="laravel"
    xmlns="http://pmd.sf.net/ruleset/1.0.0"
    xmlns:xsi="http://www.w3.org/2001/XMLSchema-instance"
    xsi:schemaLocation="http://pmd.sf.net/ruleset/1.0.0 http://pmd.sf.net/ruleset_xml_schema.xsd"
    xsi:noNamespaceSchemaLocation="http://pmd.sf.net/ruleset_xml_schema.xsd"
>
    <description>
        Custom ruleset for Laravel.
    </description>

    <exclude-pattern>docker</exclude-pattern>
    <exclude-pattern>public</exclude-pattern>
    <exclude-pattern>node_modules</exclude-pattern>
    <exclude-pattern>vendor</exclude-pattern>

    <rule ref="rulesets/cleancode.xml">
        <exclude name="StaticAccess" />
    </rule>

    <rule ref="rulesets/codesize.xml" />

    <rule ref="rulesets/controversial.xml" />

    <rule ref="rulesets/design.xml" />

    <rule ref="rulesets/naming.xml" />
    <rule ref="rulesets/naming.xml/LongVariable">
        <properties>
            <property name="maximum">
                <value>36</value>
            </property>
        </properties>
    </rule>
    <rule ref="rulesets/naming.xml/ShortVariable">
        <properties>
            <property name="minimum">
                <value>2</value>
            </property>
        </properties>
    </rule>

    <rule ref="rulesets/unusedcode.xml" />
</ruleset>
